post_id,label,split,text
mac_004584db,mac,discovery,"Put me down for a PB100 4/20 with ext. floppy, AppleTalk Remote Acces, AC adapter, and fresh out of box (was used, but buyer switched to 140 on arrival and sold unopened box. Purchased last October for $925. Later I bought a used PowerPort V.32 9600 bps internal fax-modem for something like $225, I'm using right now! Works great! :) No real complaints. I love my portable system (got a color home setup also. Mac II). Reasoning was that MATLAB programs at school and other simulations of dynamic control systems sometimes took hours (or overnight) to run, tying up my Mac II. I got the PB100 with fast modem to do light work and on-the-run stuff. I figured I'd give it to my little sister next year when she goes to college. It's running System 7.1 now without any problems. Also I sometimes do DEC4015 terminal emulations with MATLAB on our university's VAX_VMS (nice thing that it benchmarks itself as an average of 230 times faster than a mac IIfx). So, the PB100 just does graphical output and terminal emulation (not too hard at all for it). It was a FABULOUS setup !!!! :) Weeee!!! (By the Way, all MATLAB software was on class accounts. I was also the TA for a class that used"
mac_01a798de,mac,discovery,"From article <C5wDMK.Jrn@hawk.cs.ukans.edu>, by 3s737abg@hawk.cs.ukans.edu (Unknown Class User): Saying things like that incline one to believe that you can't get it (SCSI) to work for your setup (too bad). I've daisy-chained 4 SCSI devices off my mac without a problem (limit is 7 SCSI devices in the daisy-chain). If it isn't working for you, it's really better to state the problem (unless all you really intend to do is try to get nasty e-mail, in that case perhaps you would be better off posting to alt.masochistic type of newsgroup). /`-_ callan@csd4.csd.uwm.edu { }/ Joel E Callan Hey, why do you think I have the answer? \ ./ 2909 N. 44th Street May you sit on the tack of success |___| Milwaukee, WI 53210 and rise to the occasion!"
mac_01fb17e5,mac,discovery,"patrickd@wpi.WPI.EDU (Lazer) writes ... Specs for the 68040 can fill a 500 page book. Some highlights are... 32-bit address space w/ 32-bit data width. 18 32-bit integer registers & 8 80-bit floating point registers. 8K copyback capable caches, 4-way set associative. Typical 1.2 clocks/integer instruction. 5 clocks for a floating point multiply. (interesting aside: the 68040 can multiply two 80-bit floating point numbers in less time than it can multiply two 32-bit integers) More of the same but with multiple instruction dispatching. Figure about 0.8 clocks per instruction typical (my guess). But the Motorola guys are pretty bright, it may be less. Call Motorola. I'm not typing it all in. I'm predicting that both the 680x0 and x86 lines are reaching their ends. New experimental processors have 64-bit data pathways and can schedule up to 8 out of 32 instructions each clock cycle. That sort of trick can't really be done with CISC architectures. I finally saw some details on the 586/Pentium and was not greatly impressed. They've finally done some work on the FPU to get it up to speed, but otherwise it's only going to be a 2x speedup. And to get that they're using two integer units,"
mac_02151022,mac,discovery,"Well the monitor is consistently the largest power drain on your electric bill when you are looking at your computer set-up, especially if you have a large (16"" or greater) color monitor. Generally what I do is leave my Mac on all the time, except for the occasional resart or syetem crash, but I turn my monitor off each night before I leave my office. I also turn off After Dark when I do this, since there is no reason to have the screen saver running when there is no picture being displyed on the monitor's tube. Really? What makes you think this? The Q700 file server in my office has been on for the last 2 months, straight, and it hasn't had any problems. (Note: I also keep the monitor for the file server turned off when I'm not actually working on the server itself.)"
mac_02e5a01b,mac,model,"===== This is a posting for my friend who does not have USENET access ======== ===== Please contact him (not me) directly, thank you ======================== 1. The Mac II is supposed to have a socket for the MC68851 PMMU chip. Could anyone let me know where that socket is on the motherboard. I have obtained a PMMU chip (16 Mhz) from a surplus store, and would like to install it onto my Mac II (circa 1987). But I cannot see the socket myself when I tried to install it. 2. Could anyone send me the pinouts for the Mac II SCSI DB-25 interface? Thank you."
mac_032ab484,mac,model,"> anybody know the difference between the Quarda 900 and Quadra 950? > >Quarda 900 is a popular misspelling of Quadra 900, which has a 25 MHz > 040 >processor. The 950 has a 33 MHz 040, and some local buses on the > >motherboard run faster. The video is different also. The 950 can run a > 13"" and I believe a 16"" monitor in 16 bit color without a VRAM upgrade. > Besides the faster processor, the 950 has SCSI 2, and as far as I know, faster I/O due to separate processors handling those functions. The 950 can output 16 bit video to a 16"" monitor with 1 meg of VRAM and 24 bit with 2 meg. hope this helps anand armani@edgeway.wimsey.bc.ca"
mac_035b318c,mac,model,"Hello, I remember running across an ad in the back of Mac[User|World] a few years ago, for a Nubus board that had umpteen SIMM slots, to be used to ""recycle your old SIMMs,"" when you upgraded memory. I don't remember who made this board, and I haven't seen it advertised in any of the latest Mac magazines. It mentioned that it included software to make the SIMMs on the board act like a RAM disk. As someone who has SIMMS he can't get rid of/use, but hates the waste, this sounds to me like a majorly good idea. Does anyone out there know what board/company I'm talking about? Are they still in business, or does anyone know where I can get a used one if they are no longer made? Any help would be greatly appreciated. Please e-mail me, to save net.bandwidth. Thanks, Cap."
mac_03639a39,mac,model,"well folks, my mac plus finally gave up the ghost this weekend after starting life as a 512k way back in 1985. sooo, i'm in the market for a new machine a bit sooner than i intended to be... i'm looking into picking up a powerbook 160 or maybe 180 and have a bunch of questions that (hopefully) somebody can answer: * does anybody know any dirt on when the next round of powerbook introductions are expected? i'd heard the 185c was supposed to make an appearence ""this summer"" but haven't heard anymore on it - and since i don't have access to macleak, i was wondering if anybody out there had more info... * has anybody heard rumors about price drops to the powerbook line like the ones the duo's just went through recently? * what's the impression of the display on the 180? i could probably swing a 180 if i got the 80Mb disk rather than the 120, but i don't really have a feel for how much ""better"" the display is (yea, it looks great in the store, but is that all ""wow"" or is it really that good?). could i solicit some opinions of people who use the 160 and 180 day-to-day on if its worth taking the disk size and money hit to get the active display? (i realize this is a real subjective"
mac_03a825a8,mac,model,"Does anyone know what the differences are between the Stylewriter and the Stylewriter II? Please respond via e-mail to: l.d.sanders@larc.nasa.gov Thanks. -- -- -- -- -- -- -- -- -- -- -- -- -- -- -- -- -- -- -- -- Lyle D. Sanders L.D.Sanders@LaRC.NASA.GOV UNISYS Government Systems Inc. (128.155.4.44) Mail Stop 157-B (804) 864-7470 VOICE NASA Langley Research Center (804) 864-7604 FAX Hampton, VA 23681-0001 ______________________________________________________________________________"
mac_03dcb758,mac,model,"Does anyone know it the Macintosh LC has Pin 7 (the Pin that enables better Flow Control)? I know the LC 1 & 2 doesn't have it, but what about 3? I have had conflicting reports so far... Please help. Thank you. (BTW, do you use RezNova's NovaLink? Yes? E-mail me!) --- Via UCI v1.35 (C-Net Amiga) Dennis T. Cheung The DTC(tm) Corporation of America America Online: DTC Internet: DTC%MLinkNet@HotCity.Com"
mac_040b14cc,mac,model,"I thought I'd share a good experience, too. I bought the APS Quantum 240 zero footprint drive in May '92 (back when they still used two separate LEDs on the front panel and the case was metal). While traveling with it (it was in my SE/30 Mac bag, on top of the Mac) this past winter, one of the plastic tabs holding the front panel on broke, so that the right side of the front panel was coming forward away from the rest of the drive. I lived with this situation until it became completely intolerable (which more or less coincided with a network shutdown at school and a trip out of town I had to take, which gave me some dead time during which to have the drive sent out). I called APS for an RMA # and got one, with no questions asked about how the tab got broken (it was handled a little roughly by airline baggage handlers -- though nothing else was damaged [well, except for the internal speaker in my modem, which wasn't that well glued down to begin with] -- yeah, yeah, I'm never flying with my SE/30 again). And when I called back to ask whether I could send it in a little later rather than right away, they had no problem with that -- even when I exceeded the normal valid period for an"
mac_04418497,mac,model,"I am having trouble with SCSI on a Mac IIfx. The machine is 3 years old and I have been using the same hard drive (internal Maxtor LXT-200S) for two and a half years. The disk recently crashed. I reformatted (Silverlining 5.42), but during the reformat I received random write errors during testing. The error message reported was like: Sector 0: Write error detected after testing good - sector not mapped out. This occurred randomly all over the hard disk (which makes me suspect the diagnostic's reference to Sector 0 ??? ). On the third reformat and after reinstalling the SCSI read/write loops I was able to get through passes 2,3, and 4 with no errors. (Pass 1 for some reason reported a lot of errors, but still mapped out no sectors.) I decided to go ahead and try to resinstall System 7 and reload my data from a backup. This proceded normally; however, I now have sub-optimal performance. Symptoms include: o Frequent crashes o Instances of extremely sluggish disk access requiring a reboot to correct. o Instances of not finding the disk on the SCSI chain on reboot. - If I boot from Norton Utl. after this occurs, it cannot find the disk either. - The only thing that fixes this is"
mac_04c6adfb,mac,model,"My friend has a Macintosh IIfx on which he is running System 6.0.7 (not enough memory yet to run Sys7 adequately), and he noticed that when he tries to use Multifinder on this machine, the machine will beep every few seconds incessantly, nonstop. Now, this friend has a tendency to ""install"" things on his machine rather haphazardly, but he *did* rebuild his System from scratch and it still occurs. Does this problem sound familiar at all to anyone? For all I know the problem is caused by something really obscure but if this is a known simple thing (yeah, right...) that someone is familiar with (like ""System 6.0.7 Multifinder doesn't run on a Mac IIfx""), or if someone here knows what he should be looking for, please send e-mail either to me or to him (smh@vaxf.acdnj.itt.com). Thanx in advance."
mac_06ad6cdd,mac,model,"I am currently managing, among many other labs, a lab with three LC IIs, a Mac Plus with 45 MB external HD, and a LaserWriter II NTX. My problem? The LC IIs seem to intermittently slow to a snail's pace. These LC IIs have 4 MB RAM, 256K VRAM, and a Quantum LP105S HD installed. I have reformatted the drive with Hard Disk Toolkit 1.3, and it gives a very respectable 2.9 overall rating to this drive, so it's not the drive. I have reinstalled System 7.1, MS-Word 5.1a, MS-Works 3.0, and so on, all from the master disks. In short, I have done everything I can think of in software. I am *not* a hardware hacker, though I pop cases fairly often. But nothing works. The problem is intermittent and unpredictable. The mouse always moves smoothly, floppies always run at the same speed, but occasionally, for about 1-2 hours at a time, a machine will run like it was running on a 4 MHz 68000, not a 16 MHz 68030. It is VERY frustrating and makes it nearly unusable. It does seem to worsen with increasing disk activity. Has anyone encountered this problem before? Has anyone got any ideas? They would be much appreciated. -- Andrew Geweke"
mac_07b373d4,mac,model,"I have just been introduced to Macintosh systems. I have a few questions. E-mail prefered. 1) Just what is System 7? I want hard details not dingy commercials like their ads in magazines... 2) Has anyone used the Microsoft Office 3.0? I would like suggestions on, and descriptions on: * each has a microsoft before the actual name. a) *Word 5.1: b) *Excel 4.0: c) *Power Point: d) *Mail 3.1 3) What is the major differences between Mac Wordperfect and Word?"
mac_07c4d9ff,mac,model,"A few days ago, my powerbook starts to freeze after appr. 18 seconds of inactivity. It stays alive as long as a program is actively running or as long as the mouse is moved. Did anyone experience similar problems? Any known fixes? Please reply by email as I can't read this newsgroup normally. Regards, Mike Fisher (efisher@ntu.ac.sg) -- --------------------------------------------------- Frank Siebenlist <franks@ntu.ac.sg> Senior Research Fellow GINTIC Institute of Manufacturing Technology (GIMT) Nanyang Technological University (NTU) Nanyang Avenue Singapore 2263 Tel: +65 799-1215 Fax: +65 791-6377"
mac_084b29cd,mac,model,"I also suffer from these video ""artefacts"". My configuration is a Centris 610, 4/160, 1MB VRAM with a NEC 4FG. It only happens at 832x624, in 8bit colour with virtual memory off during scrolling. This occurs when the VRAM SIMMS are installed as well as removed. It seems that the 610 does not like 832x624. Does anyone *not* have these problems in the above mentioned conditions? -Gersham Meharg SFU Canada."
mac_088ff742,mac,model,My company has developed an application for the Mac that emulates a chart recorder - virtual pen traces scroll smoothly across the screen. As we tested the application on a number of computers we discovered some surprising performance differences across products. The scroll performance of the IIsi and LCII was better than the IIfx. This led us to investigate Color Quickdraw performance across the Apple line. The results: The fastest QuickDraw color performing computer Apple makes is the (drumroll please) LCIII. And the Color Classic ranks right up there with the Quadra line. The Centris line pales in comparison. Does anybody know the differences in these computers that explains the disparity in graphics/processor performance?
mac_0892b58c,mac,model,"We are having problems with a bunch of SE/30's in one of our Labs. The fault is that the machines either bomb or freeze when attempting to write to their internal floppies. The internal floppies have been tested on their own and are fine, which means that it is a main board fault. The machines all come from the same batch. The date code on the back of the machines is December 1990. 1. Do you own a machine from this batch. 2. Has any user had experience with this fault. 3. Was it a warranty repair. Any feedback would be appreciated and I will post the results to the net. Bill"
mac_08d0d40e,mac,model,"I have a new 25 MHz Motorola 68040 that I am willing to sell if I get a good enough offer. It is still in its static free sealed package. If I don't get a good enough offer, I will use it to replace my 68LC040. Any takers? Supposedly you can get one of these for $375. However, at the moment the demand is higher than the supply so I think $400 is a good round number. I will pay shipping, of course."
mac_0a85041c,mac,model,"We have a user that has Word 5.0 and is using symbols such as pi and other mathematic sysmbols, plus doing fractions, etc. The document shows up on the screen with no problems, looks fine. When she tries to print it on a IIg the pi changes to an upside down caret, and several other symbols change to double quotes at bottom of character, plus some little circles appear between words of the fractions instead of spaces. This happens on a IIg laser printer. Tried it on serveral macs and two different IIg's. Prints fine on an NT and NTX laser printers. What's wrong??? Thanks for any help in advance, Gary -- *************************************************************************** Gary Weis University Computer Center 400 Hal Greer Boulevard Huntington, West Virginia 25755-5320 Phone: (304) 696-3205 Fax : (304) 696-3601 Internet: Gary@marshall.wvnet.edu Bitnet : Gary@marshall UCC Net : Gary"
mac_0bae26df,mac,model,": The real question here in my opinion is what Motorola processors running system : 7 on a MAC are comparable to what Intel processors running Windows on a PC? I [stuff deleted] : -David -- Even better than that... how does a 68000-based Amiga 2000 perform in daily tasks compared to my 68030-based IIci. Answer, except in a very few cases, I get my butt kicked by the Amiga. Sure there are other considerations, but it goes to show you how proper design from the beginning (in hardware and software) can give you great returns. [as well as showing you that if you don't have a marketing department to speak of, no one will care how good your system is] I'm still happy with my ci, but I don't understand why the performance is so bad (comparatively). They could have done multi-tasking _properly_. They could have done everthing else better -- but apple didn't. (of course DOS 6 and windows 3.1 are nothin to write home about either!!) Oh well, y'all got $2.00 worth for the price of $0.02 ~=~=~=~=~=~=~=~=~=~=~=~=~=~=~=~=~=~=~=~=~=~=~=~=~=~=~=~=~=~=~=~=~=~=~= Peter Pundy Email: 2545500@jeff-lab.queensu.ca"
mac_0c4164d9,mac,model,"Hi. I am looking into buying a Floptical Drive, and was wondering what experience people have with the drives from Iomega, PLI, MASS MicroSystems, or Procom. These seem to be the main drives on the market. Any advice? Also, I heard about some article in MacWorld (Sep '92, I think) about Flopticals. Could someone post a summary, if they have it? Thanks in advance. (Reply by post or email, whichever you prefer.) --Nizam --"
mac_0db46425,mac,model,"Frankly, I think this model is a screwup. It does not have PostScriptlevel 2, only has 13 fonts, and does not even have fine print or photograde, or grayshare. Even the 300 model has this! I am shocked by the kind of features you get for this printer. I myself was hoping for some decent printer to replace the Personal Laser Writers. -- A motion picture major at the Brooks Institute of Photography, CA Santa Barbara and a foreign student from Kuala Lumpur, Malaysia."
mac_0e061128,mac,model,"For the most part, this is a bunch of bunk. I've got a Computer Engineering degree, yet I've spent the last 7 years writing software that people actually use. Moreover, the salary distinctions are incorrect; I received 3 job offers upon graduation; the two jobs that actually used my hardware experience were $7000/year lower! My advice is to decide which classes and projects most interest you, and pick the major that allows you to take them."
mac_0e24ee43,mac,model,"I recall that Ehman 'died'... Can anyone suggest what the problem is when the picture jumps about an inch any direction? Two page monchrome monitor connected to Newlife accelerator and video board in an SE... At the end of the work day, several hours with power on, the picture will occasionally jitter a couple of times and then remain calm for a few minutes. Then it does more shaking... The environment around the computer appears to be stable. Nothing newly introduced near the computer. Any ideas? Please e-mail to carsona@sfu.ca or reply here. Also... Has anyone used Ehman two page with Powerbook video? What was required? Just a cable adapter? Thanks for any help! Dale carsona@sfu.ca"
mac_0f2f15d5,mac,model,"I guess the real question is: Who asked the original questions, and why was it so _broad_. Are we talking pure processing power (what kind of processing BTW) isolated from every other factor and influence in the system? Or are we shopping for a home computer based on the CPU specs (yuck)! I just finished a project that involves real-time processing of serial data and discovered that the programming interface (assembly) has _a lot_ to do with the ""power"" of a CPU in a particular application. If what you want to do is easy to code with the instruction set given, then not only is it easy, but it's cheap and quick. If you have to fake things (like resolving indirection without a LEA instruction), then your cycle count goes through the roof! well, let's _NOT_ start a flame war about whose computer is better than whose. The orginal question was about classifying micro-processors... having re-read the entire thread, I don't think much more can be said without getting down into specific proposed systems with important details given. That's it for another $0.02. Cheers everyone. ~=~=~=~=~=~=~=~=~=~=~=~=~=~=~=~=~=~=~=~=~=~=~=~=~=~=~=~=~=~=~=~=~=~=~= Peter Pundy Email:"
mac_0f3114c7,mac,model,"There has been no empirical evidence to support the first statement. True, there is a power surge at startup that has the potential to do damage, but the internal power supply is well-protected. (I've turned my Mac on and off six or seven times a day for three years without problem). The monitor is the same. To leave it on is to waste a lot of electricity -- twice as much as a television, possibly more. Turn it off when you're not using it. It'll save you money and the world a few more resources. -Kelley- -- ----------------------------------------------------------------- Thomas Kelley Boylan, PowerPC, IBM Austin, kelleyb@austin.ibm.com"
mac_10352786,mac,model,"There is a bancrupcy sale coming up soon, and I wonder if anyone know about these printers: Olivetti PG-306, Canon LBp-8R, Nec silentwriter 2 S60, Kyocera Laser F3000. Which of the above, if any, has Postscript, and an appletalk interface builtin. Please reply by E-mail. -- ------------------------------------------------------------------------- Tommy Nordgren ""What is a woman that you forsake her Royal Institute of Technology and the hearth fire, Stockholm and the home acre, f85-tno@nada.kth.se to go with the old grey widow maker."""
mac_108fb653,mac,model,"Hello, we need the code for decompression of Quicktime JPEG Pict files, as they don't conform to usual jpeg compressors, which are available in source. The code should be in C Pascal or Modula. The code will be used on several platforms to view pictures over ISDN. Perhaps a special hardware will be put around it (much less then a mac! perhaps only a DSP with some support chips) If the code is not available, perhaps the algorithm is available to decompress them. Christian Bauer"
mac_10b50a14,mac,model,": Is there a fix for this? We have a Quadra 900 that will NOT finish startup : unless there is a monitor connected. This would be no problem, but since : we're running it as a file server, there is no need to have a monitor : connected all the time. I've seen a control panel made for this. I don't remember the name, where I saw it, or on what Quadra models it will work. But I do know it exists :) /Mats"
mac_10b9d100,mac,model,Hi! I am looking for a source of lithium batteries for an original Mac II. The number on the battery is ER 1/2 AA. Local electronic shops & computer stores freak when inquire. The fastest any of them can get a battery to me is 2-3 weeks for about $20. Anything faster and/or cheaper is welcome! Please respond to me via e-mail and I will summarize to the net. Note my e-mail address differs from the return address of this posting. Thanks in advance for your help!
mac_11e4d712,mac,model,"op that worked was the ""Macintosh |> >Software"" loop (whatever that means). |> |> I doubt this is a Quadra-specific problem. I had to get |> rid of my ""venerable"" Bernoulli 20 last year (with enough |> cartridges purchased at ~$90 each to make the whole thing |> worth more than my whole computer ;). The tech support guys |> at Ocean Microsystems suggested that some third-party drivers |> might fix the problem - in my case the cartridges wouldn't |> format/mount/partition for A/UX. hat the Megadrives worked perfectly on both my Mac Plus and my Powerbook 140. It was for this reason I assumed the problem had something to do with the Quadra. Even with the Quadra, they mostly worked OK. The problem occurred when I ejected a cartridge from a drive: it would start popping up dialog boxes saying ""This cartridge must be formatted with Jasmine Driveware"" even though there was no cartridge in the drive. --Mark t to format) I have this confirmed from Apple Computer in Sweden (I work for a Apple dealer as a service tech). We had problems that Quadras wanted to format a diskette or a Syquest when ther was nothing in the drive. This problem was fixed sytem 7.1 Mikael Fredriksson"
mac_12450583,mac,model,"To display Millions of colors on a 16"" monitor you need 2MB of VRAM in the Q950. Correct. This is the amount of on-board VRAM that the Q800 comes with. Yes this is possible. Technically, you only need to take out 2 of the VRAM SIMMs but leaving in the other two will not get you anything because the 950 cannot really do anything with 1.5MB of VRAM. It only knows 1MB and 2MB. Yes, this is correct. You get to 1MB by putting 2 256k VRAM SIMMs into the VRAM SIMM slots on the Q800's motherboard."
mac_12fd1c7d,mac,model,"Well, You can always try and find a PC dealer who sells guaranteed memory. I work at a company growing at 40% a year, we have on order hundreds of computers per year. It never fails, machines come in with BAD SIMMS. Now for those of you who are wondering just WHY your PC or MAC just crashed I can tell you I always thought it was the incompetent ass who wrote or designed the software. Well, I don't think that way anymore, especially with the results I have gotten with replacing BAD SIMMS in my own machine and others at work. The moral to this story is to MAKE SURE your memory is good. I would be willing to bet lots of you out there have SIMMS with either soft or hard errors on them and you don't even know about it, but every once in awhile those bad SIMMS just makes your life hell. I just got plain SICK of dealing with peoples complaints that thier machine just crashed and they lost thier work. In case your wondering, or if you haven't already guessed I work in an IS department. Service is a do or die perogative in this line of work, so the MORAL IS: HAVE YOUR MEMORY TESTED with a SIMM hardware tester...and NO I don't mean the simple little software programs that you can run in"
mac_132c213b,mac,model,"I recently bought a PLI 21mgbyte floptical drive, and I was very happy with it until I tried to use it to format a 1.4 HD diskette. I put the HD floppy in my Superdrive to check that the floptical had formatted it correctly, and now my Superdrive refuses to recognize ANY floppy (it says ""this disk is unreadable"" and asks if I want to format it) even original systems floppies from Apple. Nor will it format the disks if I try to (""initialization failed!"") Strangely enough the floptical still reads both the 21 MB and 1.4 HD disks, but I cant look at my 800k floppies, and if I have a crash I'm screwed because the Floptical can't be used as a start-up disk. PLI has been unresponsive. Any ideas? Has this happened to anyone before? I was looking for an inexpensive storage solution, and now I am looking at an expensive repair. Help! respond to this thread, or email mfeldman@acs.bu.edu"
mac_157877cd,mac,model,"It would depend on the requirements of the poster's data, for some purposes 1/256 resolution (with or without calibration curve). Otherwise the other possibilities would be: 1) get a digital voltameter with serial output & connect to serial port on mac, collect data with some communications program. 2) Buy an A/D chip from Analog devices, Burr-Brown, etc, connect to a parallel to serial converter, use serial port for acquisition (nah. too much soldering and trouble shooting :-) 3) Get a board from National Instruments, Data Translation, Omega, etal. The finest solution, but possibly the most costly. To the original poster: if the signal is too large, why not use a voltage divider? Two resistors, cost very cheap... --"
mac_15cd1405,mac,model,"I've just completed a successful upgrade of a an SI to 27.5 mhz. I'm waiting on delivery of a 62 mhz clock for a final speed trial. Definitely needed the heatsink. The CPU was quite hot to the touch at higher speeds until I glued on a 90 cent Radio Shack sink. I made a call for reports of failures last week. No reports have arrived here. Locally, in Seattle there is a reported CPU damage due to the user slipping with the iron and putting a gash into the board -- not exactly a problem due to the CPU running too fast. I think it would be nice to have a poll to report top speeds and system configurations including PDS and Nubus cards which were used. I'd be happy to coordinate and report results"
mac_170771b4,mac,model,"How many NuBus slots do you have? Applied Engineering has something called the QuadraLink, which is a card with 4 serial ports that you get at through the comms toolbox (in addition to the built-in ones) It also comes with software for fooling applications to open an AE port when they think they open a built-in port. They also have a more expensive card with DMA (better performance) and I _think_ they, or someone else, have a card that handles 8 ports simultaneously. As I said, with NuBus, you're green. Learn how to use the Comms Resource Manager to get at the various installed cards. Cheers, / h+"
mac_17245f2a,mac,model,"Have anyone dealt with ""Hardware that Fits"" before. I have seen their ad in both MacWorld and MacUser and decided to try them when I needed a new disk. The result was not satisfactory and I was just wondering if I was just an isolated case. I like to send a letter to the president of ""Hardware that Fits"". Do anyone know the address? Is it the same address as the one I return the products to? -- Mei-Mei Su =========================================================================== Software Engineer email : mms@ltx_tr.portal.com LTX Corporation meisu@netcom.com"
mac_190ba9fe,mac,model,":> : :> : Basically, the Mac Pluses are constantly rebooting themselves, as if the :> : reboot button were being pushed. Sometimes the Mac is able to fully boot : well this threads been going long enough... I'll add a diferent twist. I found that the constant rebooting was due to overheating. We had added 4Mb ram, and were operating in a non AC environment. Adding an external cooling fan fixed it right up. ( over a year ago )"
mac_1910d2e0,mac,model,"Could someone please tell me what a LaserWriter IINTX upgrade kit is. Its a small box, which has a bag inn it , seemingly containing 6 chips (look like ROMS) and a IINTX manual. The installation instructions are most informative and say, in full, ""This product must be installed by an Apple ........."" SO what does this do ? At first I thought it might be a NT to NTX upgrade, but I thought that required an entirely new board. Any info appreciated."
mac_19a83ba4,mac,model,"The Sound Driver is pretty ok, since it's fast. Sound Manager used by the book is *useless*. Disposing of sound channels as soon as sound has completed is out of the question for games with smooth animation. (It's too slow.) The Sound Driver is so much snappier than Sound Manager. Unfortunately, System 7 supports it poorly, making programs crash occasionally. Well, I want my code to work on old systems too. I don't know about sys 7.1, but at least on 6.0.7, there are bugs in the Sound Manager that causes channels to hang (with no error message). This happends when I keep a channel open for long periods - necessary for performance - and play many sounds, stopping sounds halfway. Callbacks seems not to be reliable. Then only way I can safely tell if a sound has stopped playing is to inspect private variables in the channel (QHead, I think it was), and the only way I have found to tell if a channel is hung is to inspect an *undocumented* flag and modify it. Am I happy with this? Nope. I consider writing to SoundBase simply to get rid of the bugs. Any better suggestions? (Silent games is not among the acceptab|e solutions.)"
mac_19ad4e13,mac,model,"{Send follow ups to comp.sys.mac.advocacy. Sorry about the header but the Pnews here does not let one easily change the headers and I gave up after a year of trying. This sheet is also available by FTP on sumex-aim.stanford.edu (36.44.0.6) in the info-mac/report as mac-ibm-compare177.txt.} Mac & IBM Info-Version 1.7.7 The reason for this general data sheet is to consolidate and condense the information out there, so that people in both camps can be clear and accurate about what they are saying about their machines. Since computer technology is always changing there are always going to be points in which the sheet will be lacking or incorrect on information. So, please just don't say the sheet is incomplete or incorrect but also give me clear and concise information to make the needed corrections. All prices are in US dollars. To keep this data sheet organized please provide, if possible, article citations for the information provided or corrected and keep the opinions to a minimum. As this is a general data sheet, keep the info provided simple so I can understand what is being talked about and can explain it to others. Finally, keep the information relevant to the section"
mac_1b2c68ba,mac,model,"Hi there, when I run Disk First Aid on my external hard drive (Quantum LPS 240) I get the followinf message: Error -535: Missing thread record (TarID=31015; TarBlock 416) Disk First Aid is not able to fix this problem, Norton Utils doesn't find it at all. When I use Norton Disk editor to look at TarBlock 416 I can read something like ""DirReservedArea"" My question: How can I get rid of this error (without reformatting of course)"
mac_1bf23013,mac,model,"But the interesting comparision is how fast clock-cycle chips you can get - an Alpha is WAY slow at 66 MHz, but blazes at 200 MHz. But the 68040 is (or will soon be) available in 40 MHz version, making it ""comparable"" to a 486DX2-80 I think you have that one turned around; they have faster clock cycles but less power behind each cycle. Not to mention that the Intel instruction stream is BYTE-oriented (longest Intel instruction is 15 bytes; what an odd number :-) which makes it hard to do any intelligent memory subsystem. Cheers, / h+ -- -- Jon W{tte, h+@nada.kth.se, Mac Hacker Deluxe --"
mac_1ce9049b,mac,model,"Hi, I just test installed kanjitalk 6.07 on my IIci and got a black screen, a way sick looking mac icon, and when hitting the programmers reset, a tone sequence that I guess is the infamous ""tones of death."" I was able to reboot off a floppy, removed the japanese system, and set up the system folder on the hard drive to get system 7.01 back. Now have no overt problems with the mac. Any idea what caused the tones? I forget the numbers but 7fff comes to mind. If it is some self diagnostic, why would an older system version catch it, and not 7. ? (I'll be moving up to 7.1 and worldscript by-and-by) Thanks in advance, Hiroki"
mac_1d213b8a,mac,model,"Interesting delema for all those out there. My school is discussing installing a Mac lab of 10 to 15 stations for our Bio 100 to 103 classes to do a study with pig disections. (no joke) Here is the deal. We can get this grant to do a study on if it is more feasible to do a disection via the computer or via the real thing. My problem is I was somehow drawn into this project (being done by students who want to go Mac but know NADA about them, being the man mac man on campus, guess who they came to?) so I wnt to know what would probably be the best hardware to fill the follwoing list? Right now we are looking at the C650 8/80 and the 2vx 5/80 platforms. Ok here it goes: We are using cd-rom, so ought we go with the internal Apple Cd-roms offered as options in the 650 and vx or go external. It is a matter of price and reliability, the second being VERY important. How much RAM? I was thinking 5-8 more leaning towards 8? What do you think? Ok, called apple educational discounts and they said their keyboard (extended) is 160.30. Is it better to go with the Apple and their long time great wear and tear record, or is there a 3rd party extended keyboard that is just a reliable? Price?"
mac_1d99bbb9,mac,model,"Hi, The subject line says it all. My system acts weird at times. All of a sudden the system will be corrupt, boot blocks will get chewed, etc. This was a really big problem for a while. I couldn't even format my drive properly. I installed HDT's driver and things got better. Now all I have to do is reinstall the system. Could an incompatibility exist between it and a Quantum external drive. I'm looking for a pure hardware solution. It's not a virus, bad software, etc. Could I have a bad SCSI cable? Or is the IBM (WDS-80) just a screwey drive? Thanks, Chuck -- Chuck Williams ==> CS Intern ==> Pacific Northwest Laboratories"
mac_1dcbcbac,mac,model,"Yea, thanks to lots of good information in this newsgroup, I was prepared for lots of details (even shipping time ... got my C610 8/230/CD in 5 weeks). I guess my biggest disappointment is the lack of detail in the written specs and documentation. The case load spec is an example -- the setup section says Apple 14"" and 16"" monitors can go on top, but 21"" and other big ones can't. Why couldn't they publish a maximum load? Now if I can figure out if there's any hope using the ""partition"" button on the hard disk setup utility (do I dare just try it and see what happens?), then maybe I can divide up the wealth among the family members a bit more securly. The ""getting more information"" section of the manual suggested trying other avenues before calling Apple, but didn't mention the net."
mac_1dfaf7ce,mac,model,"A couple of questions for the multimedia set: 1. Does anybody have a phone or fax number, or e-mail address, or name of a principal in CEDAR Technologies in Dublin, New Hampshire? All I have is a post-office box number, and I want to ask a couple of questions before sending them some money. Any info much appreciated. 2. I'm running an SE/30, which came with no microphone. Is there any way, other than using MacRecorder with SoundEdit or CEDAR's digitizer with some similar software, to input recorded sound into my Mac? I'm trying to play some very short interview clips in a HyperCard stack. Thanks for any and all help."
mac_1f40375d,mac,model,"I'm planning on getting a StyleWriter II for my Mac SE (2.5 MB ram, HD, two 800k floppy drives). Do any of you out there have any recommendations as to whether running System 6.0.8 is better or worse than switching to 7.1. I don't do much real work on this machine any more, but would like to keep it for word processing (Using Word 4 and don't see much advantage to going to Word 5, since it is slower). Any help or comments would be appreciated. Thanks in advance."
mac_1f595d60,mac,model,"} I would like more info on this if anybody has it. Our Exabyte } 8500 tapedrive has never been working from the Quadra 950. } We have been trying it since September 1992, replaced cabling, } inits, I don't know what all. All the ""industry experts"" we } phoned (the tapedrive dealer, our Apple dealer, the software } dealer) all say it's our fault, or they don't know. The last } thing they said was that we needed a special Quadra SCSI terminator } (???). Anybody know more? Thanks, I have been using the PLI (SONY) 3.5"" MO drive and now a Sharp color scanner using standard SCSI cables and STANDARD $20 terminator on my Q700. No problems. If you were using a IIfx, that might be another story. Make sure there is only one terminator in the cabling and it must be at the end. Some boxes have internal terminators; some can be switched out and others are socketted. These count. If the box with internal terminations cannot be put on the end to terminate the cabling, they have to be disabled, ie, switched out or pulled out of their sockets. If you have 2 boxes with internal terminations, the terminations in one box has to be disabled...., etc. I am sure that this has been covered by the"
mac_20a10c36,mac,model,": Yes, Duo prices have dropped. I don't have the MSRP reductions, : (though you can find it in a recent TidBITS, archived at sumex) : but here's the Berkeley educational price list (old -> new) : Duo 210 4/80 $1919 -> 1569 : Duo 230 4/80 $2225 -> 1961 : Duo 230 4/120 $2532 -> 2268 : Duo 230 4/120/modem $2746 -> 2473 And the Michigan State University pricing of the 210: SYSTEMS-POWERBOOK DUO PORTABLE M4161LL/A MAC PowerBook Duo 210 - 4M RAM/80M HD 1528.98 *PROMOTION* Expires: 06/13/93 B1304LL/A MAC PB Duo 210 4/80 BUNDLE-w/Flpy Adpt & 1.4M Drive 1636.08"
mac_2126d4fb,mac,model,"Hi, I own a IIsi and I'm considering buying a Powerbook. Can anyone give me a listing of all the models and tell me what I'm looking for, i.e. passive matrix vs. active, memory sizes, upgradeability, internal modems, disk size. If you could provide some prices too that would help. I'm not informed enough on Powerbooks to know how well they operate. I have been following the posts on some of the problems that have been encountered such as the trackball not working in the horizontal. I would appreciate the list as well as any advice you may have."
mac_212d43e0,mac,model,"I have a PLP II laser printer make by GCC Technologies. I have problem with a dirty first page. The top portion of the first is always smeared with black toner across the page. If I print more than one page at the same time, the problem does not occur on other pages. I cleaned the printer but still does not help. Can anyone offer any solutions? or know the phone # to GCC Technologies? Thanks in advance Charles,"
mac_21966954,mac,model,"Is it possible to rip an external SyQuest removable drive out of its external casing and install it into the 5 1/4"" empty bay slot on a Centris 650? I know a special bracket would need to be purchased, but is there any power hookup/SCSI constraints that would prevent it? If anyone has done it, could they mail me some instructions. It doesn't seem to be that overwhelming an undertaking. -------------------------------------------------------------------------------"
mac_21a64c48,mac,model,"Here is how I modified my Quadra 700 for higher speed. Previously I had been using a Variable Speed Overdrive for accelerating my CPU but this modification is testing out as more stable at higher speeds. Your mileage may vary. The top speed you achieve cannot be predicted before hand. My personal Q700 has tested fine up to 32 mhz thus far. I didn't have higher speed clock oscillators on hand to test higher speeds. Parts Clock Oscillators (4 pin TTL variety) You will need a selection of speeds beginning at 50 mhz on up. The CPU will run at 1/2 the oscillator speed. The original one is a 50 mhz unit. I recommend getting a 50 mhz clock in case you damage the existing one. I obtained my clock oscillators from DigiKey 1-800-344-4539 for less than $5.00 each. Some of their part numbers are: 50 mhz TTL Clock Oscillator (part # X121) 62 mhz TTL Clock Oscillator (part # X136) 66 mhz TTL Clock Oscillator (part # CTX137) Don't get the half size clock oscillators. They won't fit. There are also CMOS clock oscillators. I haven't tried one in a Quadra. (They work fine in IIsi's) Socket: Obtain a 4 pin socket which is in the same form factor as a 14 pin DIP package. Alternatively, use 4 machined"
mac_21bb0e3e,mac,model,"This can be caused by two one of two things. The first and easiest to fix is interference from something around the monitor, such as another monitor or other electrical device. Try moving the system to another location to fix that problem. Second, because of the scan rate of the monitor, it tends to synchronize with room lights and can cause the interference you are seeing. Try turning off all lights in the room(s) around the system and see if that helps. If not, try moving the system somewhere else. A third solution would be to get a 14"" Apple Color Display - It should not have the same problem the 12"" Color is more suceptible to. You can try calling Apple's new support number (in the U.S.) at 1-800-SOS-APPLE. This number is for ANYONE who has questions regarding Macintosh setup and compatibility and just went into effect for this extended support on Monday, April 5, 1993. Good luck -"
mac_22013963,mac,model,"Sure thing. Here are the FIrstClass systems in those area codes: MacValley Online Burbank, CA (818) 840-0518 The Drawing Board Hacienda Heights, CA (818) 965-6241 BPS Hollywood, CA (213) 874-1919 SanGabriel Valley MUG Pasadena, CA (818) 790-5426 And here is all of California (unformated, sorry): Middle Earth Anaheim, CA (714) 828-9758 Byte Out of The Apple Benecia, CA (707) 747-0306 Planet BMUG Berkley, CA (510) 849-2684 MacValley Online Burbank, CA (818) 840-0518 Gentle Rain Forum Claremont, CA (909) 593-6144 CyberSpace BBS Culver City, CA (310) 568-9184 * AllNet Cupertino, CA (408) 736-2607 The Boy's Club Cupertino, CA (408) 261-8331 Meme Net Fresno, CA (209) 431-6363 Sierra Mouse Trap Grass Valley, CA (916) 265-9739 The Drawing Board Hacienda Heights, CA (818) 965-6241 The Public BBS Half Moon Bay, CA (415) 726-3587 BPS Hollywood, CA (213) 874-1919 Imagine-NET Irvine, CA (714) 660-7738 eNet La Canada, CA (818) 952-6609 Guerilla Symbiotics La Verne, CA (909) 593-6862 Macrocosm Livermore, CA (510) 449-1648 OneNet Los Altos, CA (415) 948-1349 MacIsland Los Angeles, CA (310) 476-2299 MacShasta Mt. Shasta, CA (916) 926-4854 Foundation Newhall, CA (805) 255-7237 SanGabriel Valley MUG"
mac_223c3356,mac,model,"Huh? If I buy a 128M optical, I might lose my friends? Why - do they smell bad? :-) On a serious note, I have heard the tales about SyQuest failures. But I am curious about Jon's comments on cartridge wear for the the Bernoullis. Can someone elaborate? Is there a general consensus that the 128M opticals are the most reliable? I am mostly concerned about media failures, as opposed to drive mechanism failures."
mac_2293041e,mac,model,"If you write a second time to a CD you need to have multi-session capability to read the second session. Whether it is photos or just data or whatever. Here is a simplified way of looking at it: The first session has the directory structure burned at some tracks. The second session has a newer directory structure, but the first directory still exists, because you cannot change, only add. So if you put that in a 'normal' drive and it will only look to the first directory and think it has found all data. Multisession kindof means that the drive will look for the last directory written to the disc, older systems look only for 'the' directory, not taking multiple directories into account."
mac_230cb4df,mac,model,I've had my Duo 230 for a few weeks now and suffer from both of the above problems. I reinstalled my system software twice in an effort to combat the problems - thinking they were system software problems. Initially reinstalling the system seemed to help but not anymore. Occasionally when I try to wake up the Duo I get a solid screen of horizontal lines on the screen - it freezes. I also get the high-pitched hiss occasionally - but only at startup. I've called the apple hotline (800 SOS-APPL) three times already and finally they agreed something is astray after my Duo's screen would go dim and the hard drive spun down by itselft and put itself to sleep. This problem only occured twice. Apple sent me a box to ship my Duo to be looked at in New York but the problem now is intermittent and I can't afford to be without my Duo at this time. Anyone out there with these same problems?
mac_244113ba,mac,model,"I have a small network running in my dorm at school, and I am kind of worried about the length of the wires and the way that I have run it. I was wondering if anyone might have some schematic or at least some ideas on how to make some sort of simple appletalk repeater. I'm not so interested in making actual zones and zone names, just a way to isolate different branches of the network. Does anyone have any ideas on what could be done??"
pc_0051c459,pc,discovery,"------------------------------------------------------------------------- Netters! I need a cdrom drive as my order was cancelled and thought 'Why not ask the net.community'? I was ordering a Nec CDR-74 but saw so much cheaper ones that I want to know more. The drive will be used to install software and (if available) for listening to CD's. Perhaps some day I'll want to use it to read the other CD's, but that's not really relevant at the moment. I've been offered the following CD-ROM players, for the prices stated. They all claim to have SCSI-I, and operate under OS/2. The drives are not listed in the cdrom-faq and therefor, please give your opinions on the drives, i've got the impression that they're not all SCSI. Actually the Nec was listed as non-scsi in the cdrom-faq and as a compatible SCSI product in the os2faq. I've calculated the prices as having dutch guilders times 2. It's actually about times 1.8. Mitsumi CRMC $240 Philips LMS-I $300 Philips 205 $350 Toshiba ? $370 Nec CDR-74 $650 Who bought that Trantor that is in the faq? It's extremely cheap and SCSI, so what's the trick or where can I order it (Holland using MasterCard). Trantor T128 $200"
pc_006bfc9c,pc,discovery,"G'day All, I was looking to build a Parallel Port Digital to Analogue Converter the other day and came across this schematic which I promptly threw together on a piece of VeroBoard: P2----22k----+ P3----48k----| P4----100k---| P5----200k---| P6----400k---| P7----800k---| 10uf electrolytic P8----1M6----| + P9----3M2----+---||--+---------- | + 47nF ceramic - - | - P25------------------+---------- (Please excuse the obvious limits of the Lower ASCII char set :=) I have it all constructed here and sitting inside a nice little grey ABS box. Unfortunately I can't get it to work... I have a little demo here by the name of Cronologia (Which the schematic came from) and all I can get it to pump out of the box is data type hash/static with a small amount of music signal behind it - it's even worse than the speaker inside the machine. Does anybody out in net.colourful.computer.world have any ideas/suggestions/ better designs/improvements/wastepaper bin... etc? Many thanks for a reply via this conference or email. // \X/ Regards, Jason. ---"
pc_00aa0149,pc,discovery,"From a recent BYTE magazine i got the following: [Question and part of the answer deleted] If you are handy with a soldering iron, the loopback plugs are easy to make. On a serial RS-232 nine-pin port, use a female DB-9 connector and connect pins 1 to 7 to 8; 2 to 3; and 4 to 6 to 9. For serial RS-232 25-pin ports, you'll need a female DB-25 connector with pins 1 to 7; 2 to 3; 4 to 5 to 8; 6 to 11 to 20 to 22; 15 to 17 to 23; and 18 to 25 connected. To test a Centronics 25-pin parallel port, you'll need to connect pins 1 to 13; 2 to 15; 10 to 16; 11 to 17; and 12 to 14 in a male DB-25 connector. -Stan Wszola --- I haven't tried it. Use at own risk."
pc_02b49c4e,pc,discovery,"Hi! I recently got hold of an old/obsolete PC. First thing I am trying to do with it, is making it work. Seems the switches in the back have been toggled since last it was used, and I do not have the manual. Can anybody help me to identify this beast, and mail me the prober switch-settings? All I know is that is is a Bondwell 38, made in 1986, most likely a 286, can be toggled between 4.77 and 8 mHz, and looks like no changes have been made. Any information would be appreciated. -- Terje Johansen at Trondheim College of Engineering, Norway."
pc_0335e227,pc,model,": : What are the current products available to upgrade the resolution? : Which ones support postscript? : : Any experiences with them, either good or bad? : : Is the quality difference really noticable? : : I'm planning on producing camera ready copy of homes. Will the higher : resolution be noticed for these? : If you are talking about laser jet 4 then I believe it has to be postscript. I don't see any advantage to using PCL when you have a peice of hardware plugged into the LJ4 that is doing the work and it can support any language that is suited for the job. Besides I don't think PCL is even capable of handling 1200 dpi specifications. I only have experience with the Laser Master Winjet 1200 which brings the LJ4 up to 1200 dpi and it uses postscript. It also has a fast print mode which is not postscript, and it is at a lower resolution (600dpi I think), but it is FAST!!!! This particular product uses your host processor to process the postscript, so even with a decent PC you know it's going to be slow i.e. slow compared to a high-end workstation processed PS. The quality difference is very noticable and is almost worth the wait (for the PS processing) - I'm rather impatient. We"
pc_036c4321,pc,model,"I need a device (either an ISA board or a subsystem) which will take two RGB video signals and combine them according to a template. The template can be as simple as a rectangular window with signal one being used for the interior and signal two for the exterior. But I beleive fancier harware may also exist which I do not want to exclude from my search. I know this sort of hardware exists for NTSC, etc. but I need it for RGB. Please email and or post any leads...."
pc_03cc18a3,pc,model,"Hi Netters, As promised, here are the summary of opinions on DoubleDisk Gold v.6.0. People seem to be quite happy with the product. There is no much of opinion on how good it is compared to the industry leader Stacker 3.0. (Superstor Pro is not considered since it is slower than Stacker although just as reliable - BYTE Magazine's conclusion ;-) ), so it's hard to make any decision to go with Stacker or with DoubleDisk Gold v6.0. However, it seems that at $39.95, it is quite a buy. Buddy Christyono buddy@optics.ece.wisc.edu ------------------------------------------------------------------------- summary of replies ------------------------------------------------------------------------- Hello Buddy, I do not have DD Gold 6.0 experience. I just ordered it. I currently have DD 2.3 (the last version). I am very pleased with its performance. Here is my suggestion... 1) If you do not have any compression software currently, I would go with DOS 6.0's compression. All the discussion on the net indicates that for $50 you get the compression (built into the OS), plus the other utilities that you would pay way more than $50 for. Besides, you are now at DOS6.0 (whatever that means...) 2) If"
pc_03fc6f85,pc,model,"I just purchased a Viewsonic 17 and and Orchid P9000. In short, I am happy with the monitor and unhappy with the card. I have spent a lot more time futzing with the card, so that is what I am going to write about. The monitor is pretty. The moires I had under Simcity on my 17"" Magnavox went away. It isn't as heavy as I thought it would be (45 lbs, I think). So much for the monitor. On to the bitch session and test results. In going with the modern trend, the Orchid P9000 card only supports 16 colors in 640x480 mode without a driver. Of course, this breaks any DOS program which uses SVGA modes (like most of my CD-ROMs). The Compudyne Whiplash VGA, Orchid Fahrenheit 1280, and Orchid F. VLB all share this limitation. Those are all S3 cards, which means it is an S3 problem for them (the P9000 uses a Weitek VGA chip which also doesn't support them). The Hercules Graphite card does seem to have these modes, but I didn't run the same test cases as I did on the other boards during the brief time I had it. It was able to print the splash screen for the Grolier's Encyclopedia, though, which the S3 cards just printed as hash, which is why I suspect the SVGA modes are supported. The supported"
pc_047daac1,pc,model,"I'm thinking of splashing out on a new motherboard for my PC. I am running Linux as my main OS, with a small DOS partition left for my flatmates' games. My current setup is a 386SX-25 (AMD) with 387SX-25 (ITT - I think) and 9 Mbytes of 70ns SIMMS, and (120+100)Mbyte IDE. Basically I have two choices 1) Get a 386DX-40 + 387DX-40 or 2) Get some sort of 486. Unfortunately I live in the UK where computer prices are far too high. The first option works out at about \pounds 200. 486 m/boards start at this price for a SX-25. I have a couple of questions. 1) How much of an improvement in speed should I notice if I get a 386DX+copro. Remember I'm using a 32 bit OS, and alot of Floating Point operations. 2) How much faster would a 486DX-33 be than the 386DX-40+copro ? Should I get an upgradeable m/board with a 386DX-40 and wait for AMD/Pentium price pressure to reduce the costs of the 486 ? Any experiences will be most helpful ... Kenny. PS. Example prices: 386DX-40+copro M/board ~$270 486DX33 M/board ~$580 ----------------------------------------------------------- Kenneth MacDonald E-mail kenny@castle.ed.ac.uk Dept. of Geology & Geophysics University of Edinburgh Scotland"
pc_0525bf0a,pc,model,"I've noticed a recent proliferation of 1 gig SCSI-2 3.5"" drives, in particular, the Fujitsu 2694 and the Micropolis 2112. There is also the Maxtor LXT1240s (6100 rpm, 1.2 gig) drive. They are all quite cheap, and have nice 3-5 year warranties. My questions are: Is there a catch? Which one is better? What type of SCSI-2 do these drives use? Is the service generally better for one of these manufacturers? Are prices likely to go down soon for any reason? thanks,"
pc_0658fc20,pc,model,"Not completly true. For AT class and later machines, IRQ5 is reserved for LPT2. Since it's rare to have a second parallel port in a PC, it's usually a good safe choice if you need an interrupt. On the other hand, we just ran into a problem with that here at work on a Gateway computer (4DX-33V). It has a Modem on COM1, a Mouse on COM2, and the other serial port was set to COM3 (which normally uses the same interrupt as COM1). We had a real fight with a board when trying to use IRQ5, and discoverd the problem was that Gateway had set it up such that COM3 used IRQ5. As soon as we disabled COM3, our problems went away. Grumble ... after several days of trying to figure out why the interrupt didn't work."
pc_069a499e,pc,model,"I just bought a new IDE hard drive for my system to go with the one I already had. My problem is this. My system only had a IDE cable for one drive, so I had to buy cable with two drive connectors on it, and consequently have to switch cables. The problem is, the new hard drive's manual refers to matching pin 1 on the cable with both pin 1 on the drive itself and pin 1 on the IDE card. But for the life of me I cannot figure out how to tell which way to plug in the cable to align these. Secondly, the cable has like a connector at two ends and one between them. I figure one end goes in the controler and then the other two go into the drives. Does it matter which I plug into the ""master"" drive and which into the ""Slave""? any help appreciated. thanks..."
pc_070f5f66,pc,model,Computer: 286-25 mhz Bus: ISA (12.5 mhz) Drive: Maxtor 7213A (213 mb) config.sys / autoexec.bat MS DOS 5 no WIN 3.1 smartdrv.sys cache smartdrv.exe CORE (V 2.7) 6950 k/sec 1390 k/sec 1395 k/sec Norton SI (V 5.0) 730 k/sec 980 k/sec 982 k/sec I'd still like to here from people with VLB-IDE. I still want to know what VLB bus speed is used with IDE drives. I still want to know if some (most ?) IDE drives can handle bus speeds > 8 mhz.
pc_073f6048,pc,model,"==== BEGIN REPOST ==== IBM, Apple, Motorola Ready to Unwrap PowerPC 601 Processor The wraps will come off the PowerPC 601 processor this week, as Motorola Corp., IBM, and Apple Computer Inc. detail the results of their yearlong effort. This first in a series of PowerPC processors will be a 32-bit processor with a 64-bit memory interface, much like Intel Corp.'s Pentium, with the capability of performing as many as three instructions per clock cycle, according to sources familiar with the chip. Motorola is expected to release the chip in volume by year end in two configurations, running at 50 and 66 MHz with performance of 40 and 50 SPECint89 marks, respectively, sources said. Floating-point performance for the 3.6-volt processors will be even better, as their SPECfp89 performance will be 60 and 80, respectively. The 601, a scaled-down version of the Power 220 chip developed by IBM for its RS/6000 workstations, will also include a 32K single buffered cache on the chip with protocols to support Motorola's 64-bit multiprocessor 88110 bus built in. The chip, which is being designed initially to support the Micro Channel Architecture, is bus independent, so vendors could develop"
pc_074454b6,pc,model,"I have tried others, but I think that the Adaptec is best value for money. I dont think you can mix the two types of drive, unless you have one of the SCSI/IDE cards that is available. You will have to turn your IDE off. Instructions for drive type are included with the controller. With some it may be a type 1. no matter what the disk is. With others it may be a type 47. I had one controller that I had to tell the BIOS that no hard disk was installed. Do not low level format a SCSI unless you have the SCSI low level format program. First use fdisk to set the partitions, then use format."
pc_07645f9f,pc,model,"I would like advice on how to configure my 486 to accept: - Com1 + Com2 (currently on IRQ 4 and 3) - LPT1 (IRQ7) - Bus Mouse (IRQ5) - Sound Card (no idea what to do - can be set to any) - using IRQ2 for Bus MOuse gobbled up too many cycles, and caused loss of communications with floppy disks, and a few other problems. I could, I suppose, switch the 2 com devices externally, and disable the second port on the Super IO card, but I really want to have them both available. COuld the sound card use IRQ2 without horsing up the works? All replies apppreciated - and I only just subscribed to this newsgroup - I assume there is an FAQ somewhere (rather, I'm sure someone will tell me about it....)"
pc_077f30a0,pc,model,"Hi! I got hold of an old Zenith 286 Laptop with model# ZWL-183-45 The hard-disk is dead but the rest seems to work. I took the Zenith apart and found a very strange disk for wich I now try to replace. The disk is marked JVC, model JD3824R00-1. Has anyone any specs. on this disk or suggestion where i can find it or a cheap replacement for it. Thanks for your help. -- Michael Michael Thurbin (michael@pcmith.rks.se)"
pc_07cc1569,pc,model,"BusLogic just announced the BT445 FAST SCSI-2 VLB Interface as of April 20. This always happens to me! I have a one week old BT545S which is the ISA version. I am enjoying spectacular performance with a Micropolis MC2105 560mb 10ms 3.5"" HH 5200 RPM drive. I'll be changing to the BT445 VERY soon, though it is difficult to imagine even higher transfer speeds with the 32bit VESA support. You can call BusLogic and ask 'em about the NT question. I hear that the support is excellent. I have not had to call them myself yet. Regards."
pc_07fd46e9,pc,model,"FOR SALE: AT&T Dataport Internal 14.4K Fax/Modem The modem is an internal AT/(E)ISA 8-bit card (just a little longer than a half-card). It has v.32bis for 14.4Kbps data / 9600 bps fax, v.42, v.42bis, and MNP5 for error-correction and data compression, so you can get error-free links up to 57,600 bps on a conventional phone line. They will ""fall back"" to any speed (down to 1200bps) and even disable compression and error-correction if necessary in order to connect with slower and older modems. It has a 16550 buffered UART for better compatibility with multi-tasking operating systems (Windows, OS/2, Unix, etc). They use a patented technology called Optical Line Interface (OLI) which reduces noise generated by the modem to assure the fastest and cleanest connection possible. These modems come with a lifetime warranty and free lifetime tech support (and the call is free, too) from AT&T. They also include the lovely and talented QuickLink II for DOS and the NEW QuickLink II for Windows communications and fax software which will let you conveniently sent faxes from any DOS or Windows application just by printing. The Windows version will send faxes of any font and can include graphics,"
pc_0840fc1f,pc,model,"I had this problem some time ago. Some BIOSes do not automatically install COM3 or COM4 in the port tables. Programs like most modem programs which write directly to the port work fine but anything that uses a BIOS call fails. Find a BBS or FTP site where you can get a copy of PORT FINDER. Put ""device=pf.sys"" in your config.sys or run pf.com from your autoexec.bat. This little program will locate all existing ports and make sure the BIOS tables are updated. It works great. PF will also let you swap ports and such also if that is of any value to you."
pc_08be1fe9,pc,model,": : Then again, maybe $2445 for the gateway system isn't too cheap. : : I have a system from Micron computers: : : 486-2-50, 16 meg ram, 245 Maxtor HD, Local bus IDE / 2 meg video card, and : the same 15"" monitor. The system with shipping came to $2200. I sold the : sx-33 chip that came with it and bought a dx2-50. Total price $2300-2400. I think you got something wrong here. You state that the system was a 486dx250, then say that you sold the sx-33 chip that came with it. This does not make sense. --"
pc_0de7761a,pc,model,"I have a 286 with a Western Digital WD-93044A hard drive. This drive is 782 cylinders with 4 read write heads PHYSICALLY, but LOGICALLY it is 977 cylinders with 5 read write heads (??!!). In the CMOS setting I am instructed to set it to type 17 (IBM 977 cyl. 5 read/write heads), THE PROBLEM: I was sent Western Digitals ISPFMT low level program from the manufacturer, and was instructed to run it on the hard drive with the CMOS setting set to type 17. This worked ""o.k."" and I verified the disk using the same program. I then reloaded DOS which did a high level format, again no errors, no bad sectors, etc. BUT.... when I run Norton Speedisk 6.01 (or any other disk optimizer) with the verify option set ON, I get ERROR verifying sector NNNN, where NNNN can be any number (not the same all the time). ANY IDEAS AS TO WHAT IS GOING ON HERE WOULD BE APPRECIATED! Thank you!"
pc_0ed52acf,pc,model,"Just taken delivery of a 66MHz 486 DX2 machine, and very nice it is too. One query - the landmark speed when turbo is on is 230 or something MHz - thats not the problem. The problem is the speed when turbo is off. Its 7 MHz. The equivalent in car terms is having a nice Porsche with a button that turns it into a skateboard. Does anyone have a clue as to what determines the relative performance of turbo vs non-turbo?? I would like to set it to give a landmark speed of about 30 or 40 MHz with turbo off. Cheers,"
pc_0ee93204,pc,model,"Hi peeps, Here's another of those ""any ideas"" type queries. I've been given an oldish Phillips TeleVideo terminal type thingy, without a keyboard. But no problem so far. When I dismantled it, I discovered that it is really just a standard RGB monitor with built in modem/ROM software etc. Phillips kindly labelled the circuit board with the RGB inputs, so I connected it up as a monitor and he presto it worked - sort of. The problem is that I have no idea where to connect the Sync lines. The display rolls continuously, but does change modes (OK only to CGA - but useful for my laptop). Any of you wonderful people any knowledge of Phillips monitors? I've tried Phillips in the UK and a very helpful guy told me that he has had several enquiries of this sort, but Phillips Computer is now under the auspices of DEC (at least in the UK). DEC said sorry Phillips don't make it any more. What is it anyway? A UK support dealer said ""Circuit diagrams? Sync?"" So any ideas. John."
pc_0f0b749e,pc,model,"As far as I know, there is no way to get around the BIOS password except by shorting out the power supply to the CMOS memory, thereby erasing it. This will remove the password, but it will also destroy all the previous BIOS settings, so then you'll have to go and set them all up again. On my 386, there is a jumper on the motherboard which is provided for the purpose of shorting the battery. You just short this jumper briefly, and it interrupts power to the CMOS long enough to erase it. I would imagine there is something like this on your board too. In the future, I would suggest that YOU set the password, and leave it on ""Setup"" only. That way, no-one else can go and reset it or set it to "" Always"" unless they know what password you used. They had to do this over here too when they got a bunch of new 386's, for just the same reason. -Dale"
pc_0f170486,pc,model,"I bet it suddenly started sticking when you started leaving the PC running the menu all night. There is a limitation/bug in the date roll-over software in PC's that means you have to be doing something like waiting for keyboard input via a DOS call rather than a BIOS call (as menus often use) otherwise the code to update the date after midnight never gets called. Somebody might be able to correct the details in case I've mis-rememberred them, but I think you have to change the menu program (if you have the sources) or add a TSR or system patch or something. As far as I know the CMOS clock keeps the right time (in fact about 7 seconds/day better than DOS's clock)."
pc_0fd980f9,pc,model,"The IRQ and interface-select jumpers are pretty straightforward, but I don't grok the settings of W10-W18 (also labelled A15 through A18). Could somebody tell me which settings of these four jumpers correspond to what I/O addresses? The U-B PCNIC (also OEMed by IBM for a while) is the only Ethernet card I know of that doesn't use I/O addresses. It only has interrupts and shared memory. The jumpers you see control bits 15-18 in the base address of the shared memory. I can't recall which is 1 and which 0, but that's easy to determine with DEBUG."
pc_1073d324,pc,model,"I posted almost the same bad experience with Midwest Micro but our %^*^&*^&* news program only sent one paragraph out of the middle. In addition to the facts that: (a) the modems (I had ordered two) wouldn't work as documented and (b) the tech person had NO CLUE as to how it should work, it also turned out that: (c) one of the two modems they sent was clearly USED but the techs thought that was standard practice and (d) the modems made all three of my floppy drives quit working and my CMS250 tape drive start running away. That they are incompetent is one thing, but that they sell used stuff as new and won't even apologize for it is another. Stay away from these crooks!"
pc_1117006b,pc,model,"In PC Magazine April 27, 1993:29 ""Although SCSI is twice as fasst as ESDI, 20% faster than IDE, and support up to 7 devices its acceptance ...has long been stalled by incompatability problems and installation headaches."" note what it does NOT site as a factor: PRICE. int eh same article the PC would will get plug and play SCSI {from the article it seems you get plug and play SCSI-1 only since SCSI-2 in FULL implimentation has TEN NOT 7 devices.} SCSI-1 intergration is sited as another part of the MicroSoft Plug and play program."
pc_1222ad7e,pc,model,"How about 250MB/s for 64-bit VLB or 350MB/s for QuickRing {Apple's implimentation of VLB (Byte 10/92:132)} QuickRing is interesting in that it allows interleaving with other card so that the 350MB/s can be divided among many cards at the same time {NuBus 90 and MCA are about the only card interfaces able to DO anything with that kind of speed and even NuBus 90 ditzes around at ~30MB/s with a burst mode: 80MB/s. ""MCA {Also called Micro Channel} IBM's 16 and 32-bit bus; ""allows use of more than one CPU in a computer"" (DCT) and anything can talk to anything, >>as fast as the two components involved can handle it.<< Never took off because it was incompatible with ISA and EISA. Planned to be bus interface of IBM PowerPC 601 (Carl Jabido)."
pc_1252f56c,pc,model,"Hi, Can somebody tell me step by step how to add a 40Mb IDE Kalok? HD to an existing 120Mb IDE Maxtor HD with Stacker 3.0 and DOS 5? I know how to set the jumpers on the 40M to be slave and the settings for heads, wpcom, sectors, etc. I also know that I have to do some CMOS settings and fdisk. The problem is: what letter will the CMOS give the new drive? If it's D:, what will happen when Stacker creates D: and swap? Can I tell CMOS to make it E:? So that if I Stack it, I will have C, D, E and F? I know this could be an FAQ or in a readme somewhere, but I want to hear from somebody who've actually done it. Thanks! Romy"
pc_12598f1b,pc,model,"The fan in my power supply, like most, is distractingly LOUD. Has anyone found a solution to running a pc with peace and quiet? Short of buying a notebook PC, I don't know what to do. Oh yeah, I did hear about a power supply called a ""Silencer"" - which is supposed to be more quiet. Has anyone had experience with this? I was quoted a price of $225 (!) for a 270Watt Silencer. I've even considered stuffing my PC case in one of those acoustic ""printer enclosures"", but that wouldn't be the most elegant solution. Also, I'm guessing that would also cut the ventilation. Any other ideas? Thanks in advance for ANY suggestions! Please E-mail whatever you post..."
pc_131ac92c,pc,model,"I would like to know as well, since I just bought a 200MB Seagate IDE drive and want to add it to my computer (a four-year-old Gateway 386/20), which currently has an 80MB Seagate SCSI drive. The SCSI controller is such that the docs told me not to specify it in the CMOS setup, i.e. both hard drive settings are listed as ""Not installed,"" and apparently the SCSI controller works its wonders. I wondering if this is a problem. Also, I remember how, when I helped my cousin install his second IDE drive, we had to define a master/slave relationship for them; do I need to do something similar here? Same here. Any help would be appreciated, since I intend to install this drive ASAP; I'd like to know what to do (and what not to do) before I start. Thanks! --"
pc_13e29aed,pc,model,"One of the monitors I reviewed for the June issue of Windows Magazine was the Mitsubishi. I also reviewed a new Nanao, the F550iW, which has just been released. Last year for the May '92 issue of Windows, I reviewed several monitors, including the Nanao T560i. There's no question that the Nanao monitors are the best available this year, just as they were last year. The difference between my ranking of the best in Windows and the ranking in Windows Sources is due mainly to a difference in the testing criteria and the scoring. I used different tests than they did, and I scored differently. There's nothing wrong with the Mitsubishi, and it scored very highly in my tests, but it was a few points shy of perfect. Incidentally, one of the things everyone should do when they're reading reviews of any product, whether it's monitors or mice, is to read the criteria and methodology carefully. Unless you know how the product testing was done, and on what the scores are based, you can't possibly know what they really mean. Just seeing that I rank a monitor differently from Windows Sources is meaningless without knowing how we did the ranking. Likewise, it's impossible to tell whether a monitor"
pc_14023b40,pc,model,"Can any body tell me where the most significant bit of the total horizontal width hides out on the Tseng Labs ET4000 with a 15/16/24 bit dac? I am trying to use the 640x480x16M mode under unix (so i cant just call int 10h)I have a program which dumps the contents of the card registers under dos, but I am not sure I trust it for the extended registers of the et4000. Anyway, the problem is that in this mode, the Horizontal Total Register (3d4h index0) is apparently set to 0x27, but 3d4h index 1 (the displayed clocks) is set to 0xEF, so 0x27 is nonsense. A resonable value would be 0x0127 - so is there a high bit, and if so, where is it? Also, how does one set the video dot clock to the appropriate frequency ( and what would be an appropriate frequency?). The documentation isn't really very clear (tseng.txt from vgadoc2.zip from some ftp site) about this. My card is a MegaVga/1024 1Mb card. Seems to have a Tseng Labs Bios (ver 8.05 I think.) Works nicely under dos, and very well under unix (linux) in all the non-hicolor modes. Great for running X-windows in up to 1152x900x256ni - if your monitor will take it (only just in my case). Please email the answer, as I can't read news very"
pc_14941280,pc,model,"I hope that there's somebody out there that can help us. Some of our students change the AMI bios passwords on a few of our computers and set it for always. What we'd like to know is if there is a way to bypass or remove the password. We have tried switching bios, but to no avail. The battery is soldered to the bord, an all three machines is still under guarentee so if that would have help we can't remove the batteries. Thanks Isak Isak Venter ITBIJV@PUKNET.PUK.AC.ZA"
pc_14ab1962,pc,model,Maybe I should have been clearer. I have a Intel 386DX/25 that I would like to use to put together a system however all the motherboards that the local vendors are now selling are running either at 33 or 40 MHz. I guess I can cross my fingers and hope the CPU runs at that speed. ;^) I think I'll take Mark's advice and see if any of the boards have a socketed oscillator and head down to the local electronics store... Thanks for the info...
pc_15053d34,pc,model,"I'm in the market to upgrade my BIOS to a Phoenix 1.10 (got a new hard disk, discovered my BIOS doesn't have a ""type 47"") and I would like know where I can purchase one of these things. I checked with the motherboard manufacturer (for the curious-- it's from Mylex), and hearing the $60 figure prompted me to at least try to shop around... Problem is, I don't know where to shop around for something like this. I have heard that there's a BIOS speciality shop in the South Bay and it's been alleged that they advertise in the MicroTimes. Did find the MicroTimes, didn't find the ad or the shop. So, can anybody help me out on this quest? To anybody who replies to this-- Thanks in advance."
pc_15f20a6a,pc,model,"'lo all, I am writting a program that checks a computer for its configuration. It's going to be run everytime a computer boots up to our campus network. (Actually, it already is running, it's just not getting all the info I want it to yet...) Anyway, I want to check for a mouse. I already check for a mouse driver (using the code in Microsoft's Mouse book). But there is no guarantee that the driver is loaded when my program runs, or that they ever load the driver. Since I am interested in what hardware is attached to the machine, how do I detect is a mouse is attached? I know it can be done because the mouse driver can do it. Thanks in advance, Andy"
pc_1627273f,pc,model,"A silly question: I frequently edit small files and need to make copies of them on several floppy diskettes of the same size and format, but my computer is only equipped with one 3.5"" HD drive and one 5.25"" HD drive; can't I do the copying without swapping files temporarily to my hard disk (which is 99.9% full) using standard MSDOS 5.0 commands? I know diskcopy a: a: works but for small selections of files, xcopy a:*.txt a: does not! Maybe I'll have to write my own file copy command in C, but the idea does not amuse me. Thanks for your help."
pc_16787358,pc,model,AAAHHHH!!!!! Please someone tell me what I have done!!! My 40 Meg miniscribe (8450AT) has a big sticker on the side that says ***DO NOT ROTATE INTERRUPTER** ---> (big knob here) A big knob sticking off the side of the drive is pretty hard NOT to turn when removing the drive! I turned it. Now the drive won't spin up! Even with no data or controller cables plugged in.. just power... it won't spin up!! Please help! Thanks -- -Paul Carroll
pc_176ad801,pc,model,"Windows Sources Magazine reviewed a number of 17"" monitors recently and they too said that the Nanao T560i was the best monitor to get if you had the money. But they also said that the Mitsubishi Diamond Pro 17 is the next best choice and that it has superb picture quality. This monitor can be had for around $1070. Has anyone actually seen any of these? I am also thinking of buying a 17"" monitor and was going to consider the Mitsubishi. If I remember correctly, I think its viewing area is 16"" measured diagonally. Thanks."
pc_17acf62e,pc,model,"This is not necessary. All you have to do is modify the config.sys on d:\ { or the real boot up partition/disk }. Then, you can manually copy it to c:\ or allow stacker to do it on boot up. Likewise with the autoexec.bat. --- Private note to Jennifer Fakult. ""This post may contain one or more of the following: sarcasm, cycnicism, irony, or humor. Please be aware of this possibility and do not allow yourself to be confused and/or thrown for a loop. If in doubt, assume all of the above."
pc_17c1de68,pc,model,"Anybody seen the date get stuck? I'm running MS-DOS 5.0 with a menu system alive all the time. The machine is left running all the time. Suddenly, the date no longer rolls over. The time is (reasonably) accurate allways, but we have to change the date by hand every morning. This involves exiting the menu system to get to DOS. Anyone have the slightest idea why this should be? Even a clue as to whether the hardware (battery? CMOS?) or DOS is broken?"
pc_17d8f08d,pc,model,": : Once again, someone else with a Gateway Monitor problem, anyone who can : help, please do, it would be much apprieciated. Thanks in advance. : : Ok, I have a Local Bus 486/66 machine, with the Crystal Scan 15inch : monitor. I have 1 meg of loca memory on the ATI ultra pro, w/ the : mach32 driver (the newest release). : : My problem is in Windows when I use the 1024 mode. I get shadows down : the sides of the screens, and very blurry type in the corners. The : types on the screen are all out of focus. I've gotten replacement video : cards, and a replacement monitor. None of that has helped though. : Could someone pleae help me with this very frustruating problem. I have the 1 meg card with the Crystal Scan 15 inch also. I see very faint shadows on the left side of the screen only in 1024 x 768 mode, but not enough to really bother me. The characters on the screen are clear until I turn on the Crystal Fonts, then they become blurry. I have a friend who has 2 meg on the video card who has the same shadows, but says the Crystal Fonts are, well, crystal clear. We are both using build 59 of the mach32 drivers. Neither of us has a monitor extension cable. I tried the build55 driver"
pc_17f3795a,pc,model,"I need to find how to program the WD7000 FAAST SCSI controller (A 16 bit DMA SCSI controller for the PC (ISA bus)). Can somebody point me in the direction of some low level docs on the net? Or will I have to get hold of the manufacturers? Who did actually make this anyway? Who will have the docs? TIA. PS> I don't ant the BIOS docs, I want to know how to attack this sucker from the ground level (ie send my own SCSI commands out it from OS/2) -- Hamish Marson, Computer Services, University of Waikato| hamish@waikato.ac.nz. Fax +64 7 8384066 | Computers are only Disclaimer: Remember. You heard it here first! | Human....."
pc_1806fe90,pc,model,"I have recently picked up a page scanner by the name of EZ-SCAN II model 35. The software for it was made for per-Windows 3.x windows and will not work with the newwer windows. Does any one out there kow were I could find the company that made this beast (Copyrights say 1987.) And the name GMS a division of DEST. Does anyone know if these companies still exist and if they do, do they have an email address? Or, if anyone knows of a freeware/shareware programme that is able to access this scanner."
pc_18bd1522,pc,model,"*** On 04-21-93 04:30, Michael Shapiro had the unmitigated gall to say this: MS> The DOS system date has a twenty-four hour clock and a rollover bit. MS> When the system crosses midnight, the rollover bit is turned on. MS> Subsequent reads of the time add one. There's no change possible MS> (This information was current up through DOS 3.3. I've not checked to MS> see whether it applies to later versions.) Just a small tidbit: with the advent of DOS 3.3 and later versions, MS added a small ""feature"" to the DOS time function. If a program sets the DOS clock via DOS system services, then DOS will set the BIOS clock to the same value. This breaks the isolation between the two clocks that used to ensure that errors in the DOS clock did not bleed over into the BIOS clock. Sometimes the Microsoft people just don't think! :) ... Fact: Mickey Mouse wears a Al Gore wristwatch. --- Blue Wave/QWK v2.10"
pc_192a24b0,pc,model,"From x51948b1@usma1.USMA.EDU Tue Apr 20 10:28:47 1993 Received: from usma1.usma.edu by trotter.usma.edu (4.1/SMI-4.1-eef) id AA01628; Tue, 20 Apr 93 11:27:50 EDT Received: by usma1.usma.edu (5.51/25-eef) id AA03219; Tue, 20 Apr 93 11:20:18 EDT Message-Id: <9304201520.AA03219@usma1.usma.edu> Date: Tue, 20 Apr 93 11:20:17 EDT From: x51948b1@usma1.USMA.EDU (Peckham David CDT) To: cs1442au@decster.uta.edu Subject: Problem. Status: OR -------------------- I am running a Unisys PW2 386SX20 with DOS 6. My problem, even when I had DOS 5.0, is that when I have EMM386 loaded I can't CTL-ALT-DEL. If I do, the computer beeps a few times rapidly and hangs. Then I have to use the obscure reset (requires a screwdriver or pencil) or the power switch to reboot. Does anyone have a solution to this problem? E-mail me at x51948b1@usma1.usma.edu Dave --------------------- Thanks, dave ------------------------------------------------------------------------- David S. Peckham | Internet : x51948b1@usma1.usma.edu U.S. Military Academy | ------------------------------------------------------------------------- -- Jason Brown cs1442au@decster.uta.edu"
pc_1985bcaf,pc,model,"The temp on my 486DX2/66 is over 96C (measured with a K-type thermocouple and Fluke 55 dig thermometer). This is an ""idle"" temp - not doing lots of bus i/o, not doing floating point, not doing 32-bit protected mode etc. This is in a Micron computer, without heatsink. I recently put a heatsink/fan on the chip, but I might take the fan off. It makes a horrible whine at times, and I wonder what the vibration is doing to the pins on the cpu etc..."
pc_198f1d28,pc,model,": As far as I can tell, the MD is an offshoot of technology that already exists. : It is an MO drive. MO drives exist already for computers. They're expensive : and a bit slow, but the disks are cheep (128 mb disks). Dan. I read a recent article in Personal Computer World mainly about the new digit audion formats (DCC and MD) but at the end talked about how nice it would be to use these for data storage with a brief calculation of how much data you could store. The author had been talking to someone from Sony about these formats and mentioned this to get the reply ""MD is a purely audio format, we wouldn't use it for data"", then when pressed for info about MO the Sony man basically admitted that it was no more than a slight adaptabtion on MD! What I think the original poster was wanting was MO drives at MD audio player prices. I'd assume that the problem here is that an MD system can have higher tolerances than an MO system as the ear doesn't pick up the occasional bit error as well as an archiving program! --"
pc_1a0dce9e,pc,model,"Dear All, I am trying to get my standard connection going with KA9Q (PA0GRI113016) and a GVC NIC-2000 ethernet card. I know that my router and modem is working because I am able to ping, finger, and even telnetd with it. However, after a time, it crashes randomly. Help would be greatly appreciated. I suspect that there is a hardware conflict in the PC. I am running with a 386SX/33, 2 MB Ram. The Ethernet card is configured for IRQ 5, ports 0x360-0x37F. Thanks in advance. I know that it's not much to go on, but I don't even know what the questions to ask are, sorry. Please send mail."
pc_1a5552ee,pc,model,"Greetings, I am looking to upgrade my hard drive to a much bigger one since I find myself kinda cramped on space, althuogh I have never filled it I would like the extra comfort of 30 megs or so. If anyone would like to sell/trade a newish 80 meg or bigger hard drive for 125 straight and 75 with a trade please e-mail me back at johng2matt.ksu.ksu.edu with an offer. I would also sell my hard drive for about 60$ if you really want it. it's a 42MB western digital IDE. Other than that I am not sure what the transfer rate is, but it is pretty fast. faster than my roommates teac drive. I have addstor running on it now and have had it for about 5 months. I have *never* had a problem with it and would guarantee it works upon deliveree. Thanks John"
pc_1a65b3e2,pc,model,"DH>>Does anyone out their have a mountain tape backup that I could compare DH>>notes with, (jumper settings, software, ect...) DH>>or does anyone know where I could contact the makers of this drive ? DH>You can contact Mountain Network Solutions at: DH>800-458-0300 (general number) DH>408-438-7897 (tech support) DH>408-438-2665 (bbs) Thanks very much for the info David ! Especially for their tech and BBS lines. This should get me going... Bye ! ___ X SLMR 2.1a X It's only a hobby ... only a hobby ... only a"
pc_1b264a5c,pc,model,"I went out and bought the PAS16 yesterday, and installed it into my Gateway DX2-66V. I followed the instructions and set the SB side with DMA 1 and IRQ5 (the default) and then the PAS side with DMA 5 and IRQ 10. My question is how should I configure for MPU-401 compatibility. The manual and installation program recommended IRQ2, but on my machine it is configured to [cascade] to IRQ8-15. So can I still use IRQ2, or should I choose a different one? Right now I have the MPU-401 emulation mode turned off. Actually what is this ""cascade to IRQ8-15"" business? A related questions (to other GW or VL-bus machine owners) I was told that only DMA 5, 6, 7 are 16 bit DMAs, and 0-4 are 8 bit DMAs. Now what about 32-bit VL-bus mastering DMAs?? Which DMA channel(s) is used by the VL-bus extension to do 32-bit DMA? Yet another question, after installing PAS16, my Links (golf game) will hang the machine when I select SB mode and run, but works with Adlib mode?? Civilization however works fine ( at least so far). Any body knows what I might have done wrong?"
pc_1c4f59f0,pc,model,"I am doing a report on the topic of 'Advanced Memory Management' and need to know of some good references to cover this topic. It is an Analytical Chemistry class on Instrumental Analysis. So, as you could guess, it doesn't have to be an extremely thorough or extensive covering of the topic. Also, I am a Chemical Engineer and know some, but not too much about memory management. If anyone could help point me in a good direction I would be very thankful. Thanks in advance."
pc_1c67d88f,pc,model,": worked fine.) Please note: none of the software or hardware parameters : were changed, only the phone line itself. Is my new modem faulty? What : can I do? : : -- : David Thomas Dudek / v098pwxs@ubvms.bitnet \ __ _ The Cybard I'm arguing with the phone company about a similar problem. We installed a second phone line in our home (for our kids), and whenever one of them is on THEIR line, the modem returns ""NO DIAL TONE"" on its line. When we pick up the phone and listen, we can hear my kids' voices ""bleed"" through. Whenever we can hear this, the modem won't dial (even though the dial tone is loud and clear through the modem speaker). I think it's the phone company's problem, but they say they can't (won't?) correct the problem...I'm still working on them. ;-}"
pc_1ca7e8bb,pc,model,[stuff deleted] I recently bought a Leading Edge 80386DX-33 <mini tower case> and everything works fine. Leading Edge seems to be a decent brand and what-not. I would tend to say that it is a decent deal. The only things you might want to be wary about is that my L.E. computer has a back-plane mounted motherboard. Ie: The motherboard itself is a card that can be plugged in to a backplane. Some people don't like these configurations. The second thing is that whoever set up my computer at the factory didn't really know what they were doing. The installed windows video driver didn't even take advantage of the SVGA card/Monitor. Look forward to configuring the system optimally yourself.
pc_1d314983,pc,model,"Very possibly, but if it's still going to be backwards compatible with the ISA bus, it's going to be the same tripe that the current EISA implementation really is. From what I've seen, the PCI bus will just be a new 32bit 33MHz intelligent bus (ie, bus controller takes care of interrupts and the like, not jumpers...) Hopefully it'll get somewhere up there with the AMIGA Zorro III bus.... VL Bus is a bit too much of a hack for my liking..."
pc_1d4bdcc9,pc,model,"What are peoples opinions on the above make of hard drives, I seem to have found a really good bargain on a 170meg drive but I thought I'd check if anyone had any comments to say on this make? Also I'm a bit of a novice with PC's (but an experienced computer user), when connecting and fitting this drive into one of my spare 5 1/4 bays what extras will I need, a cable for starters (I guess :-) , but what about brackets etc... Also I think I might have to change some jumpers on the drive and my original Connar 211meg one. I'll be attaching the second drive to a seperate IDE socket on my controler card. What will I need to change ???? Yet again many thanks to all that have answered me in the past and to any that answer me in the future :-)"
pc_1d654d65,pc,model,"A few weeks ago I saw an ad in the German magazine c't about a so-called Videostreamer. This is an interface between a PC's parallel port and any video-recorder for backing up your data on a videotape. The company (DataSave?) claims that it can store up to 7 GB on a 300 minutes tape. ^^^^^^^^^^ It costs DM 250.- (about USD 200, I think) My question is: Does anybody use this product, if yes, how many bytes REALLY fit on a 300 minutes tape (7 GB sounds quite unbelievable to me). However, any comments on the interface are appreciated. Please mail your replies directly to me, I will sum up if neccesary. Thanks in advance..."
pc_1d8d3fe5,pc,model,"I can definitily say that you can use an RLL as Master and IDE as slave, as I have just upgraded my machine with a 200Mb IDE ( And custom Controller Mdl CI-1010 Extended IDE Controller ) While maintaining my RLL'd Wren as master Drive. The trick is the controller which supports up to 4 IDE Drives while coexisting with existing Controllers ( MFM,RLL,ESDI,SCSI ). So according to the Documentation it should work with ESDI, and I can assure you it works with RLL."
pc_1db25f0c,pc,model,"Hello world, I'm attempting to write an 8051 simulator on an IBM PC for teaching purposes, so that first-year elec-eng students can 'see' the workings of the microcontroller as it performs operations - logical ands, for example, being shown on a bit-by-bit basis (1 AND 1 = 1) so that the students can see that it's not really a mystical process, but totally logical, for example. Every instruction should show some 'working', and not just alter register/memory/port contents. Does anyone know of any freely-available example simulation code, in Pascal or Modula-2, that would show me where I'm going wrong in writing my simulator? [I'm using Ayala's -The 8051 Microcontroller- as a reference - the simulator supplied with the package is overkill for simple teaching purposes, I feel, and there's no source code to help you roll your own.] Please email me if you can help, or if you know of somewhere more appropriate I should be posting this - I rarely scan these groups. Thanks,"
pc_1e1129a1,pc,model,"Two questions: 1: I'm trying to figure out how to access cmos advanced chip setting on a EISA motherboard (AIR) that has AMI bios..specifically I would like to set the atclk or wait states or bus speed on this board, I can't seem to be able to do it..any help in this area would be greatly appreciated. 2: I am looking for a phone number for WANGTEK tape drives, specifically I am looking for jumper settings on a 5099EN24 drive.."
